emp_no,birth_date,first_name,last_name,gender,hire_date
10008,1958-02-19,Saniya,Kalloufi,M,1994-09-15
10011,1953-11-07,Mary,Sluis,F,1990-01-22
10012,1960-10-04,Patricio,Bridgland,M,1992-12-18
10016,1961-05-02,Kazuhito,Cappelletti,M,1995-01-27
10017,1958-07-06,Cristinel,Bouloucos,F,1993-08-03
10019,1953-01-23,Lillian,Haddadi,M,1999-04-30
10020,1952-12-24,Mayuko,Warwick,M,1991-01-26
10022,1952-07-08,Shahaf,Famili,M,1995-08-22
10024,1958-09-05,Suzette,Pettey,F,1997-05-19
10026,1953-04-03,Yongqiao,Berztiss,M,1995-03-20
10028,1963-11-26,Domenick,Tempesti,M,1991-10-22
10030,1958-07-14,Elvis,Demeyer,M,1994-02-17
10031,1959-01-27,Karsten,Joslin,M,1991-09-01
10032,1960-08-09,Jeong,Reistad,F,1990-06-20
10036,1959-08-10,Adamantios,Portugali,M,1992-01-03
10037,1963-07-22,Pradeep,Makrucki,M,1990-12-05
10040,1959-09-13,Weiyi,Meriste,F,1993-02-14
10042,1956-02-26,Magy,Stamatiou,F,1993-03-21
10043,1960-09-19,Yishay,Tzvieli,M,1990-10-20
10044,1961-09-21,Mingsen,Casley,F,1994-05-21
10046,1960-07-23,Lucien,Rosenbaum,M,1992-06-20
10049,1961-04-24,Basil,Tramer,F,1992-05-04
10050,1958-05-21,Yinghua,Dredge,M,1990-12-25
10051,1953-07-28,Hidefumi,Caine,M,1992-10-15
10054,1957-04-04,Mayumi,Schueller,M,1995-03-13
10055,1956-06-06,Georgy,Dredge,M,1992-04-27
10056,1961-09-01,Brendon,Bernini,F,1990-02-01
10057,1954-05-30,Ebbe,Callaway,F,1992-01-15
10059,1953-09-19,Alejandro,McAlpine,F,1991-06-26
10062,1961-11-02,Anoosh,Peyn,M,1991-08-30
10073,1954-02-23,Shir,McClurg,M,1991-12-01
10074,1955-08-28,Mokhtar,Bernatsky,F,1990-08-13
10077,1964-04-18,Mona,Azuma,M,1990-03-02
10082,1963-09-09,Parviz,Lortz,M,1990-01-03
10084,1960-05-25,Tuval,Kalloufi,M,1995-12-15
10085,1962-11-07,Kenroku,Malabarba,M,1994-04-09
10086,1962-11-19,Somnath,Foote,M,1990-02-16
10091,1955-10-04,Amabile,Gomatam,M,1992-11-18
10093,1964-06-11,Sailaja,Desikan,M,1996-11-05
10096,1954-09-16,Jayson,Mandell,M,1990-01-14
10097,1952-02-27,Remzi,Waschkowski,M,1990-09-15
10101,1952-04-15,Perla,Heyers,F,1992-12-28
10102,1959-11-04,Paraskevi,Luby,F,1994-01-26
10105,1962-02-05,Hironoby,Piveteau,M,1999-03-23
10106,1952-08-29,Eben,Aingworth,M,1990-12-19
10107,1956-06-13,Dung,Baca,F,1994-03-22
10109,1958-11-25,Mariusz,Prampolini,F,1993-06-16
10114,1957-02-16,Munir,Demeyer,F,1992-07-17
10117,1961-10-24,Kiyotoshi,Blokdijk,F,1990-05-28
10118,1957-03-29,Zhonghui,Zyda,F,1990-09-13
10120,1960-03-26,Armond,Fairtlough,F,1996-07-06
10122,1965-01-19,Ohad,Esposito,M,1992-12-23
10123,1962-05-12,Hinrich,Randi,M,1993-01-15
10124,1962-05-23,Geraldo,Marwedel,M,1991-09-05
10125,1957-09-13,Syozo,Hiltgen,F,1990-10-26
10131,1952-02-19,Magdalena,Eldridge,M,1994-11-17
10132,1956-12-15,Ayakannu,Skrikant,M,1994-10-30
10139,1963-03-03,Ewing,Foong,F,1998-03-15
10140,1957-03-11,Yucel,Auria,F,1991-03-14
10141,1960-01-17,Shahaf,Ishibashi,F,1993-05-06
10142,1956-08-29,Tzvetan,Hettesheimer,M,1993-10-28
10148,1957-10-04,Douadi,Azumi,M,1995-10-10
10151,1959-03-06,Itzchak,Lichtner,M,1990-04-10
10154,1957-01-17,Abdulah,Thibadeau,F,1990-12-12
10155,1959-12-07,Adas,Nastansky,M,1990-01-05
10159,1955-03-03,Serif,Buescher,M,1991-05-29
10162,1957-10-05,Florina,Eugenio,M,1991-05-01
10166,1953-05-10,Samphel,Siegrist,F,1993-01-01
10167,1958-05-23,Duangkaew,Rassart,M,1992-04-04
10169,1961-05-03,Sampalli,Snedden,F,1992-07-24
10172,1957-03-25,Shigeu,Matzen,F,1995-10-13
10173,1962-10-28,Shrikanth,Mahmud,M,1992-03-21
10176,1957-01-24,Brendon,Lenart,F,1994-12-22
10177,1954-11-08,Pragnesh,Iisaka,M,1993-02-06
10179,1961-11-25,Deniz,Duclos,F,1990-10-04
10182,1961-02-04,Moriyoshi,Merey,F,1990-09-02
10183,1954-10-17,Mechthild,Bonifati,M,1996-08-11
10187,1961-05-26,Tommaso,Narwekar,F,1991-06-01
10193,1960-06-29,Masaru,Cheshire,M,1991-07-28
10196,1954-01-27,Marc,Hellwagner,M,1994-11-16
10197,1963-08-06,Kasidit,Krzyzanowski,F,1993-11-22
10199,1959-04-07,Kazuhisa,Ranta,M,1997-04-29
10202,1956-01-05,Greger,Lichtner,M,1991-10-06
10205,1953-05-20,Mabhin,Leijenhorst,F,1993-08-23
10207,1955-05-28,Girolamo,Anandan,F,1992-10-11
10208,1960-01-02,Xiping,Klerer,M,1991-12-23
10209,1956-12-12,Yolla,Ellozy,F,1991-11-23
10210,1958-01-24,Yuping,Alpin,M,1994-05-10
10212,1959-05-09,Divier,Esteva,M,1990-07-11
10213,1964-05-24,Jackson,Kakkad,M,1992-11-06
10218,1958-12-07,Zhenhua,Magalhaes,M,1997-01-15
10219,1952-05-02,Genta,Kolvik,M,1993-03-31
10220,1958-05-25,Kish,Fasbender,F,1992-06-25
10227,1957-07-04,Anneli,Kaiser,M,1994-04-24
10228,1953-04-21,Karoline,Cesareni,F,1991-08-26
10230,1955-09-11,Clyde,Vernadat,M,1996-06-16
10231,1963-07-21,Shaowen,Desikan,F,1996-04-13
10232,1956-03-11,Marko,Auria,F,1992-06-04
10234,1961-01-18,Arunachalam,Bakhtari,M,1990-11-19
10235,1958-03-27,Susanta,Roccetti,F,1995-04-06
10236,1960-03-26,Susumu,Bade,F,1996-08-30
10239,1955-03-31,Nikolaos,Llado,F,1995-05-08
10240,1952-04-01,Remko,Maccarone,M,1998-10-06
10247,1964-06-30,Heon,Riefers,F,1992-08-14
10248,1955-09-24,Frederique,Tempesti,F,1991-08-13
10249,1954-06-10,Marie,Boreale,M,1991-12-08
10250,1958-08-12,Serap,Etalle,M,1992-08-30
10251,1957-04-25,Alair,Rosenbaum,M,1992-06-25
10252,1961-01-30,Shirish,Wegerle,F,1990-11-08
10254,1959-12-07,Shen,Brattka,M,1990-06-14
10255,1964-02-08,Roddy,Garnick,M,1993-05-12
10260,1961-07-14,Alper,Suomi,F,1991-04-13
10261,1959-12-25,Mang,Erie,M,1993-10-20
10262,1955-08-04,Mahendra,Maraist,F,1992-07-27
10263,1961-02-08,Takahiro,Waterhouse,M,1994-02-05
10264,1958-09-08,Nalini,Kawashimo,F,1997-07-16
10266,1958-02-24,Sukumar,Rassart,M,1990-05-25
10267,1956-01-16,Shaunak,Cullers,M,1996-12-11
10270,1963-01-30,Bedir,Hartvigsen,F,1990-04-26
10274,1957-08-23,Dmitri,Pearson,F,1991-04-21
10278,1955-03-09,Lubomir,Nitsch,M,1991-05-17
10279,1964-08-20,Barton,Jumpertz,F,1994-12-20
10281,1953-05-13,Moty,Kusakari,M,1994-12-03
10284,1954-04-08,Masali,Murrill,F,1997-07-02
10285,1956-09-21,Zhonghui,Preusig,F,1995-02-27
10287,1963-11-28,Marie,Pietracaprina,M,1992-12-28
10288,1959-06-02,Selwyn,Perri,M,1994-08-29
10289,1956-11-30,Shay,Poulakidas,M,1990-06-06
10290,1957-05-29,Yongmao,Pleszkun,M,1991-09-18
10293,1956-11-24,Mihalis,Avouris,F,1992-12-12
10294,1955-01-05,Rutger,Miara,M,1996-04-08
10295,1953-01-13,Kristine,Velardi,M,1990-08-27
10298,1954-07-06,Dietrich,DuCasse,F,1999-03-30
10299,1960-06-21,Ipke,Stentiford,F,1990-01-10
10300,1960-07-12,Tadahiko,Ulupinar,F,1991-05-17
10303,1961-09-11,Marlo,Zschoche,M,1990-02-05
10304,1956-03-07,Bernt,Erie,M,1992-11-16
10306,1953-06-02,Heng,Kilgour,M,1993-09-06
10307,1955-07-20,Nikolaos,Leaver,M,1991-04-10
10308,1961-03-14,Dzung,Holburn,F,1992-12-29
10310,1964-08-29,Aksel,Alencar,M,1990-10-24
10311,1958-11-24,Hsiangchu,Molenkamp,F,1991-04-01
10313,1962-05-30,Subbu,Riexinger,M,1994-10-10
10321,1955-12-12,Guenter,Ravishankar,M,1991-09-24
10322,1954-05-28,Isamu,Dahlbom,F,1990-01-29
10323,1958-06-20,Kankanahalli,Hinsberger,M,1991-06-06
10325,1953-01-12,Arunachalam,Badr,M,1990-09-20
10328,1955-06-28,Serenella,Kawashima,M,1994-01-16
10333,1953-04-27,Snehasis,Dymetman,M,1993-01-16
10334,1958-04-02,Falguni,Erie,M,1996-12-28
10335,1963-03-13,Toshimori,Bahi,F,1992-04-06
10336,1961-07-16,Goa,Rothe,F,1992-01-07
10337,1957-12-10,Jeong,Sadowsky,M,1995-08-06
10343,1954-11-01,Dinah,Syrzycki,M,1993-10-14
10344,1957-07-24,Uwe,Garnier,F,1994-06-25
10345,1960-12-13,Arra,Ratnakar,M,1993-11-08
10348,1956-03-11,Mahendra,Picco,F,1995-10-22
10349,1954-04-29,Oksana,Brodie,F,1991-09-28
10350,1954-11-14,Kristen,Kavvadias,F,1990-08-19
10352,1960-01-28,Erzsebet,Ohori,M,1996-01-21
10354,1961-04-21,Moto,Kusakari,M,1996-03-26
10357,1964-01-10,Hausi,Sidhu,M,1994-04-04
10358,1953-04-08,Qunsheng,Tagansky,M,1991-02-19
10359,1960-04-18,Heekeun,Sambasivam,F,1991-05-09
10360,1960-11-04,Irene,Munck,M,1996-09-04
10366,1960-01-25,Morrie,Piazza,M,1994-04-11
10367,1955-12-24,Hyuckchul,Gini,M,1991-06-24
10368,1956-03-25,Hatim,Koshiba,M,1991-04-05
10370,1957-08-03,Clyde,Fandrianto,M,1992-04-04
10373,1959-01-08,Hongzue,Heijenga,M,1997-04-26
10374,1955-10-08,Willard,Rosin,F,1993-12-08
10375,1957-10-09,Dante,Kalafatis,F,1994-05-29
10377,1954-08-19,Marl,Grospietsch,M,1990-05-07
10378,1964-09-05,Takahira,Lichtner,M,1990-12-30
10379,1957-03-02,Mikhail,Rosis,M,1996-07-15
10381,1963-03-04,Jiong,Parfitt,M,1991-12-04
10382,1955-06-12,Shirish,Dredge,M,1990-07-04
10383,1963-11-13,Leucio,Aumann,M,1991-06-19
10385,1963-05-14,Khatoun,Imataki,M,1992-12-20
10388,1953-03-29,Hironoby,Kaiser,M,1996-03-24
10389,1953-03-24,Make,Peir,M,1995-10-31
10392,1962-02-17,Jiann,Hainaut,M,1992-03-01
10394,1957-05-22,Shawna,Meriste,M,1991-03-14
10397,1955-11-11,Irena,Reutenauer,M,1993-05-21
10398,1958-07-16,Shooichi,Escriba,F,1990-10-12
10400,1961-12-16,Ortrud,Nitto,M,1993-10-17
10401,1962-04-25,Eckart,Barriga,M,1991-04-05
10403,1956-04-01,Atreyi,Mungall,F,1991-09-13
10407,1955-07-05,Ulf,Siepmann,M,1990-03-08
10408,1964-03-17,Martijn,Kaiser,M,1998-10-07
10409,1958-08-28,Mario,Straney,M,1997-07-09
10410,1965-01-19,Takahito,Gecsei,F,1993-10-16
10413,1952-05-05,Danel,Impagliazzo,F,1990-03-26
10414,1954-04-09,Yinlin,Alpin,M,1990-05-30
10415,1957-11-12,Mark,Coorg,M,1993-10-25
10417,1964-02-02,Bingning,Bakhtari,M,1992-03-12
10419,1964-06-22,Maria,Bauknecht,F,1992-04-25
10422,1954-06-02,Greger,Rubsam,F,1990-12-07
10423,1956-01-10,Dante,Cronin,F,1998-09-06
10425,1963-10-24,Sashi,Osgood,M,1991-10-29
10427,1958-08-13,Khosrow,Sudbeck,F,1991-11-01
10428,1957-06-25,Cathie,Brlek,M,1992-06-04
10430,1958-06-30,Ferdinand,Chenney,M,1990-11-16
10434,1959-07-17,Dzung,Peltason,F,1995-06-27
10437,1956-07-07,Narain,Reeker,F,1996-04-12
10438,1961-12-25,Evgueni,Srimani,F,1990-01-19
10439,1958-04-09,Jolita,Jarecki,M,1990-01-11
10440,1959-04-10,Akeel,Narahara,F,1994-03-31
10444,1956-07-29,Kazuhira,Rosis,M,1993-03-31
10446,1960-02-08,Ebru,Chepyzhov,F,1994-11-17
10448,1963-12-10,Phule,Oxenboll,F,1992-03-12
10450,1959-11-05,Khun,Harbusch,M,1990-01-17
10456,1963-01-24,Stepehn,Hardjono,F,1995-12-25
10457,1963-11-10,Oddvar,Schlenzig,M,1991-11-23
10459,1959-09-30,Ennio,Trogemann,M,1997-06-28
10460,1963-02-19,Shushma,VanScheik,M,1994-07-01
10462,1956-04-08,Sumali,Schlenzig,M,1996-03-25
10468,1960-08-28,Yoshimitsu,Shobatake,M,1991-05-28
10471,1963-11-30,Jouko,Yamaashi,M,1990-11-18
10472,1959-08-20,Salvador,Lodder,M,1996-07-29
10478,1957-03-08,Maik,Ushiama,M,1992-06-09
10482,1961-07-17,Goa,Pleszkun,F,1991-07-20
10483,1957-03-13,Zhiwei,Anick,M,1992-11-08
10484,1961-08-30,Nirmal,Varley,F,1995-10-31
10487,1956-08-23,Perla,Middleton,F,1992-08-14
10488,1959-10-17,Mihalis,Heering,M,1994-06-09
10490,1961-09-28,Huiqun,Vuskovic,F,1992-10-07
10491,1964-09-09,Garnik,Narahari,M,1990-01-17
10493,1962-01-12,Maris,Haraldson,M,1992-05-16
10497,1953-06-09,Pramod,Rabehasaina,M,1992-01-22
10500,1957-04-29,Vojin,Narwekar,M,1996-12-16
10502,1957-10-07,Yonghoan,Marshall,M,1993-03-04
10503,1952-05-17,Dannz,Pell,M,1991-04-30
10506,1958-10-06,Kazuhisa,Kroll,F,1996-12-01
10508,1962-06-02,Kotesh,Liedekerke,M,1991-05-01
10509,1953-10-03,Abdelwaheb,Riesenhuber,F,1990-02-23
10510,1960-02-13,Keung,Slobodova,F,1990-04-20
10511,1963-06-18,Khoa,Marrevee,M,1992-01-27
10513,1959-07-07,Yuichiro,Schicker,F,1991-04-02
10514,1963-04-03,Tomofumi,McClure,M,1992-04-29
10517,1953-06-18,Tiina,Speek,M,1990-12-25
10518,1963-05-23,Marin,Lanphier,M,1993-09-03
10520,1964-03-06,Jenwei,Ecklund,M,1994-03-27
10525,1963-03-29,Yuchang,Lunt,M,1990-07-08
10527,1964-09-15,Tetsushi,Barvinok,F,1996-01-25
10528,1963-05-16,Koichi,Lakshmanan,F,1991-12-29
10529,1952-11-21,Ymte,Yetto,M,1992-01-05
10531,1954-06-11,Oguz,Gimbel,F,1991-02-20
10537,1962-06-29,Stella,Benzmuller,M,1996-09-25
10539,1959-05-13,Yucel,Reinhard,M,1990-06-05
10540,1961-02-24,Martins,Barriga,M,1994-05-03
10543,1962-10-06,Lein,Lichtman,M,1998-10-16
10544,1962-02-01,Ishfaq,Krzyzanowski,F,1995-04-29
10545,1963-01-12,Hauke,dAstous,M,1990-06-30
10549,1957-03-20,Beshir,Kisuki,M,1995-10-26
10552,1953-03-25,Kazuhito,Shiratori,M,1998-08-18
10554,1958-08-01,Dines,Gerlach,M,1990-11-28
10556,1962-12-31,JoAnna,Taubman,F,1992-04-15
10558,1964-10-08,Hisao,Famili,M,1990-04-06
10561,1958-09-07,Serge,Joslin,F,1990-12-15
10562,1963-04-17,Shuky,Pearson,M,1996-07-06
10563,1956-10-27,Mohit,Spelt,M,1992-09-29
10565,1961-11-05,Yishay,Harnett,M,1992-01-09
10567,1957-05-21,Dietrich,Journel,M,1992-10-18
10573,1964-02-23,Tetsushi,Speel,F,1993-07-07
10574,1960-11-11,Salvador,Olano,F,1990-02-16
10577,1957-09-20,Ennio,Schmiedel,M,1990-08-18
10586,1954-06-23,Kirk,Vuskovic,M,1992-02-04
10589,1958-09-25,Subbu,Sanella,M,1994-01-26
10592,1964-08-01,Almudena,Alvarado,M,1990-06-05
10593,1952-07-24,Falguni,Kenevan,M,1990-09-12
10596,1954-01-24,Sanjit,Coors,M,1995-04-01
10597,1961-05-07,Lucien,Schaad,F,1990-04-01
10601,1959-10-23,Barton,Usdin,M,1994-08-29
10603,1955-08-02,Wayne,Restivo,M,1995-07-20
10604,1957-04-24,Susanna,Brizzi,M,1990-04-07
10607,1964-11-30,Rosalyn,Hambrick,F,1990-06-18
10609,1956-10-02,Janche,Zhang,M,1994-12-03
10610,1955-06-24,Irena,Roccetti,F,1996-04-11
10612,1959-01-01,Gil,Peroz,M,1991-09-02
10613,1960-11-04,Inderjeet,Jansen,M,1990-09-01
10614,1953-07-11,Gila,Ozeri,F,1990-03-03
10615,1955-08-30,Keung,Delgrande,M,1996-03-10
10620,1959-11-23,Marit,Veeraraghavan,M,1990-11-10
10621,1962-02-03,Hinrich,Siepmann,F,1991-06-23
10624,1955-12-19,Sham,Gyorkos,F,1990-05-07
10626,1957-06-26,Danil,Deverell,M,1996-12-03
10627,1962-10-06,Shigeu,Itzfeldt,M,1991-11-07
10630,1954-08-10,Bezalel,Katzenelson,F,1993-06-26
10634,1954-08-01,Nahid,Chepyzhov,M,1990-11-11
10635,1960-10-29,Toney,Angiulli,F,1991-09-22
10636,1955-08-25,Saeko,Porotnikoff,F,1994-11-16
10637,1954-07-11,Heejo,Frolund,M,1993-07-11
10638,1960-11-04,Jenwei,Borovoy,M,1991-05-19
10639,1953-04-18,Pramod,Erol,M,1992-10-25
10640,1958-11-09,Anneke,Meszaros,M,1992-12-04
10641,1953-12-24,Guozhong,Zucker,M,1993-03-21
10647,1960-01-12,Tesuro,Bahk,M,1995-09-28
10649,1956-03-25,Vitali,Welham,M,1997-09-10
10650,1959-04-09,Hongzhu,Chepyzhov,M,1992-10-04
10652,1960-04-25,Danai,Chachaty,M,1990-02-12
10658,1956-11-21,Junsik,Rijckaert,F,1994-04-29
10659,1956-12-09,Dinah,Shackel,F,1991-09-20
10663,1965-01-09,Teunis,Noriega,M,1993-01-23
10667,1955-08-05,Makato,Cusworth,F,1990-06-25
10669,1956-05-30,Yurij,Iisaka,F,1995-06-09
10673,1959-12-26,Hyuckchul,Casperson,M,1990-03-01
10675,1960-03-26,Ymte,Waschkowski,F,1991-11-05
10677,1963-02-20,Alejandra,Perng,F,1996-10-07
10679,1956-09-25,Neven,Brender,M,1990-05-13
10681,1964-12-25,Florina,Garnier,M,1992-10-25
10682,1956-07-04,Bedir,Haumacher,M,1990-11-09
10683,1952-06-18,Guiseppe,Stranks,F,1993-09-07
10684,1956-01-23,Aimee,Tokunaga,F,1999-10-28
10685,1959-01-14,Zongyan,Cusworth,M,1990-04-24
10687,1961-07-25,Leon,Kaiser,F,1990-03-13
10692,1960-08-11,Larisa,Bage,M,1993-03-22
10696,1952-03-23,Unal,Fendler,M,1991-09-09
10697,1958-04-09,Bluma,Hiltgen,M,1998-03-04
10698,1959-09-13,Barton,Engberts,M,1994-12-08
10703,1958-06-13,Giri,Baumann,F,1996-05-12
10705,1963-06-17,Hironobu,Wynblatt,M,1990-07-18
10707,1957-06-04,Moty,Trystram,M,1990-12-24
10708,1959-07-02,Aral,Erman,M,1996-05-18
10710,1962-12-25,Sorina,Kermarrec,M,1992-01-10
10711,1963-06-20,Arvind,DuBourdieux,F,1991-06-21
10712,1952-04-12,Uma,Koprowski,F,1994-08-18
10714,1960-09-28,Aran,Sadowsky,M,1997-03-11
10715,1959-11-21,Goa,Poehlman,M,1995-09-25
10719,1959-09-26,Guenter,Karunanithi,F,1995-09-05
10721,1964-07-12,Bernd,Redmiles,F,1995-03-17
10723,1964-01-14,Eckart,Harnett,F,1993-05-26
10724,1957-10-06,Aluzio,Narlikar,M,1991-11-04
10725,1958-10-22,Garnet,Isard,M,1990-09-08
10727,1959-06-16,Saeed,Kitai,F,1991-01-08
10732,1962-04-22,Morris,Andreotta,F,1991-03-10
10733,1962-04-06,Sangeeta,Rodham,F,1996-02-20
10736,1962-07-09,Gurbir,Hellwagner,F,1991-09-26
10737,1960-10-10,Vincent,Schwartzbauer,M,1990-10-15
10740,1956-04-19,Suzette,Sadowski,M,1995-08-15
10742,1955-03-13,Shim,Wiegley,M,1991-01-03
10746,1958-12-29,Kolar,Usery,F,1990-08-31
10747,1955-02-02,Falguni,Khalid,M,1990-10-08
10748,1964-04-12,Yuchang,Francisci,F,1990-08-14
10750,1953-06-14,Roddy,Demeyer,F,1991-08-04
10752,1964-07-18,Byong,Conde,M,1993-05-28
10756,1958-06-24,Paddy,Brizzi,M,1995-11-21
10759,1956-04-12,JiYoung,Chenney,M,1991-12-04
10760,1963-05-27,Phillip,Dratva,M,1994-06-15
10761,1959-04-10,Sumali,Liedekerke,M,1992-05-30
10762,1965-01-19,Lech,Himler,M,1992-01-21
10765,1961-02-24,Goetz,Norsworthy,M,1994-05-07
10766,1964-06-10,Nathalie,Standera,M,1996-08-05
10774,1958-10-03,Jacqueline,Masand,M,1990-01-26
10781,1958-09-19,Patricio,Leuchs,M,1991-02-04
10782,1952-09-18,Kish,Perna,F,1991-10-21
10783,1963-11-13,Moty,Kenevan,M,1994-05-15
10785,1963-02-09,Keiichiro,Marzano,M,1994-11-11
10787,1958-07-10,Shiv,Neimat,F,1991-04-16
10788,1963-06-28,Frazer,Ullian,M,1993-12-13
10790,1962-04-01,Yurij,Schonegge,M,1990-07-03
10794,1962-06-26,Teunis,Berztiss,M,1992-03-29
10796,1959-06-30,Khoa,Rousseau,M,1990-11-08
10798,1961-07-18,Elliott,Bednarek,M,1992-02-09
10800,1961-12-15,Yuchang,Matzke,M,1993-05-20
10801,1953-03-05,Uinam,Zschoche,M,1994-06-27
10804,1964-02-20,Terresa,Benantar,M,1996-04-18
10806,1958-10-17,Giap,Matzel,M,1993-04-25
10810,1957-10-23,Lijie,Lunn,F,1994-09-07
10811,1954-06-29,Ashish,Fortenbacher,M,1997-07-08
10813,1954-07-04,Shalesh,Shumilov,M,1990-04-27
10814,1952-09-17,Nidapan,Dymetman,F,1993-07-17
10815,1960-11-12,Renny,Pramanik,M,1994-04-19
10817,1958-10-02,Uri,Rullman,F,1990-12-26
10818,1958-12-20,Huan,Monarch,M,1995-10-22
10823,1956-06-13,Arfst,Mikschl,M,1995-01-02
10826,1952-12-06,Arnd,Anandan,M,1993-01-22
10827,1953-09-25,Willard,Danley,M,1996-11-07
10829,1955-07-11,Alper,Narahara,F,1993-02-22
10830,1954-08-17,Fen,Fiebach,M,1991-08-24
10831,1953-10-11,Toong,Driscoll,M,1996-06-21
10834,1954-12-16,Huiqun,Rajcani,M,1990-11-24
10838,1957-10-19,Deniz,Ramras,M,1990-04-11
10839,1964-04-02,Gurbir,Katiyar,M,1991-10-05
10840,1961-04-26,Mohammad,Koshino,M,1993-06-04
10841,1961-10-14,Pranav,Lieberherr,M,1990-04-21
10843,1961-09-05,Honesty,Smeets,M,1990-04-26
10846,1952-06-27,Tokuyasu,Serre,M,1994-01-26
10849,1953-03-05,Makato,Mayerwieser,M,1995-06-25
10850,1963-01-01,Florina,Schapire,F,1990-04-22
10851,1959-11-15,Piyawadee,Copas,M,1994-11-21
10852,1959-11-24,Hercules,Munck,F,1996-03-21
10853,1964-03-22,Yoshinari,Kalloufi,F,1993-05-03
10854,1954-08-11,Jagoda,Nannarelli,M,1998-07-13
10855,1957-08-07,Kwangho,Reinhart,M,1991-08-05
10857,1957-06-11,Fusako,Stenning,F,1990-04-04
10858,1952-10-01,Kenroku,Gonthier,M,1996-08-15
10859,1961-10-16,King,Bernini,F,1993-01-03
10860,1961-11-05,Gino,Werthner,M,1992-03-11
10865,1961-03-16,Danco,Etalle,M,1991-04-19
10866,1959-12-13,Fayez,Yeung,F,1990-12-27
10868,1959-05-11,Houman,Unno,F,1990-03-20
10869,1962-10-09,Guangming,Jonsson,F,1996-03-15
10872,1952-02-21,Karoline,Speel,F,1990-09-06
10873,1952-07-09,Sukumar,Wegerle,M,1994-03-23
10876,1955-08-05,Vincent,Papastamatiou,F,1995-01-29
10881,1959-06-13,Katsuo,Miake,M,1996-04-18
10882,1953-11-01,Fun,Heuser,M,1994-11-29
10884,1958-03-07,Teunis,Kleiser,F,1993-04-15
10885,1953-05-06,Rayond,Cronau,M,1991-08-19
10886,1964-09-30,Sushant,Begiun,M,1995-03-26
10891,1963-12-15,Susanne,Jiang,F,1990-12-07
10892,1959-12-13,Kazunori,Vieth,M,1990-04-11
10894,1958-08-21,Suebskul,Srimani,F,1991-07-18
10896,1964-04-12,Adil,Taubenfeld,M,1994-10-08
10900,1955-07-18,Ferdinand,Prenel,F,1995-09-07
10901,1959-06-12,Chrisa,Narahara,M,1992-10-30
10902,1964-05-09,Inderjeet,Perly,M,1990-04-22
10904,1959-08-28,Debatosh,Colorni,F,1993-04-16
10906,1952-02-06,Munehiro,Carrere,F,1994-01-20
10913,1952-09-03,Narain,Thummel,M,1992-06-25
10914,1956-04-26,Mizuhito,Prochazka,M,1998-03-24
10916,1962-01-03,Make,Spataro,M,1996-07-01
10920,1955-04-08,Ronghao,Narahara,M,1991-07-09
10922,1953-10-27,Kyoichi,Wossner,M,1992-08-09
10923,1957-04-29,Younwoo,Maquelin,M,1990-04-09
10926,1954-10-13,Leni,Eppinger,F,1990-04-30
10928,1961-11-01,Udaiprakash,Schmezko,M,1991-04-07
10929,1958-10-26,Sumali,Arlazarov,M,1991-04-15
10930,1954-01-13,Arch,Minakawa,M,1990-08-09
10931,1963-06-30,Abdulla,Beutelspacher,F,1992-06-14
10932,1955-11-19,Avishai,Picci,F,1994-09-09
10933,1965-01-24,Juyoung,Seghrouchni,F,1993-08-02
10934,1960-05-21,Bartek,Strooper,F,1993-11-11
10935,1961-08-09,Morris,Famili,M,1990-03-09
10939,1964-07-13,Matk,Akazan,M,1990-11-01
10940,1953-01-07,Aleksander,Fioravanti,F,1994-12-02
10941,1960-08-26,Katsuyuki,Norsworthy,M,1993-08-22
10944,1952-05-25,Remko,Zyda,M,1991-05-24
10945,1959-09-25,Kazuhiro,Kushnir,F,1990-07-04
10946,1956-09-08,Shaz,Kabayashi,M,1996-02-04
10947,1954-09-29,Gor,Usery,F,1995-11-16
10948,1952-12-23,Shigehito,Brodie,M,1996-09-30
10949,1953-08-14,Shigeichiro,Wroclawski,F,1990-03-13
10950,1958-12-07,Sushant,Staylopatis,M,1996-06-08
10954,1964-11-16,Ranga,Burnard,F,1990-08-07
10956,1955-02-02,Arno,Picel,M,1992-06-29
10959,1956-06-19,Kerryn,Vigier,M,1994-03-01
10964,1962-04-02,Takushi,Bolsens,F,1990-10-11
10967,1962-10-01,Eran,Adachi,M,1993-08-01
10970,1962-08-24,Gen,Tiemann,F,1994-09-16
10971,1955-02-08,Isamu,Vadhan,M,1991-07-30
10976,1963-01-27,Hitomi,Valette,F,1992-12-06
10985,1952-05-31,Chiradeep,Furedi,F,1990-12-10
10987,1952-11-26,Flemming,Baezner,M,1995-12-19
10991,1957-05-22,Munehiro,Aingworth,M,1993-05-21
10993,1958-11-17,Arve,Erde,F,1992-05-29
10995,1963-02-26,Chenye,Hertweck,F,1997-07-19
10996,1955-02-01,Matk,Rahimi,F,1990-02-07
10997,1959-08-30,Alselm,Parascandalo,F,1994-05-06
10998,1956-02-17,Marlo,Kandlur,M,1992-06-28
10999,1961-12-04,Insup,Benveniste,F,1996-03-05
11002,1952-02-26,Bluma,Ulupinar,M,1996-12-23
11004,1954-08-05,JoAnna,Decleir,F,1992-01-19
11007,1962-03-16,Olivera,Maccarone,M,1991-04-11
11013,1961-03-31,Breannda,Vesel,M,1996-09-13
11014,1959-09-22,Baoqiu,Vecchi,M,1994-08-23
11015,1965-01-24,Jeanna,Riesenhuber,M,1992-05-29
11017,1959-11-23,Jovan,Sanella,F,1992-07-28
11023,1964-01-08,Yifei,Driscoll,M,1990-06-12
11024,1954-06-17,Manton,Collavizza,M,1995-04-05
11026,1957-11-24,Heon,Ossenbruggen,M,1991-11-08
11029,1962-07-12,Georgi,Itzfeldt,M,1992-12-27
11032,1953-04-19,Erez,Schaaf,M,1992-03-12
11033,1957-03-01,Shushma,Bahk,F,1990-10-02
11034,1961-10-23,Moti,Shrader,F,1993-01-01
11035,1963-09-25,Bangqing,Atrawala,M,1992-10-06
11039,1961-12-04,Raimond,Pintelas,F,1993-07-10
11043,1961-03-04,Iara,Range,M,1993-06-25
11044,1959-03-18,Elvia,Cherinka,M,1990-11-15
11046,1961-01-17,Jixiang,Verhaegen,F,1994-01-21
11047,1959-03-11,Heping,Gluchowski,F,1995-07-19
11049,1963-02-12,Gift,Apsitis,F,1995-05-12
11053,1957-03-30,Sampalli,Brobst,M,1992-04-06
11055,1956-08-10,Shaleah,Neiman,M,1995-05-25
11056,1955-10-24,Palash,Speel,F,1992-08-19
11057,1959-02-13,Adly,Vural,M,1996-07-12
11060,1953-06-30,Genevieve,Pokrovskii,F,1991-05-03
11061,1954-11-11,Pintsang,Erni,M,1993-02-19
11062,1956-11-07,Shay,Rettelbach,F,1990-10-18
11063,1958-10-19,Zhenbing,Gente,F,1996-01-09
11064,1952-08-10,Shawna,Vieri,F,1990-02-28
11066,1954-11-06,Shaz,Langford,M,1995-10-04
11071,1954-07-18,Kwan,Sigstam,F,1992-05-23
11074,1963-08-17,Spyrose,Peak,M,1992-04-23
11075,1954-10-28,Karsten,Belinskaya,F,1996-10-29
11076,1963-05-15,Youssef,Schaad,M,1992-10-09
11077,1953-01-28,Hideyuki,Merro,F,1995-10-10
11078,1959-12-10,Beshir,Chenoweth,M,1990-01-07
11079,1952-09-18,Piyush,Garigliano,M,1993-10-09
11082,1962-07-26,Deniz,Fontan,M,1992-12-01
11084,1955-07-03,Greger,Senzako,M,1990-05-31
11087,1954-05-17,Changho,Jayawardene,M,1994-10-10
11089,1955-02-18,Conal,Henders,F,1994-08-13
11091,1952-10-10,Souichi,Ramsay,F,1992-01-21
11092,1954-09-28,Narain,Stamatiou,M,1992-03-30
11094,1958-08-28,Xiaoshan,Ratnaker,F,1991-08-26
11095,1961-12-31,Nathan,Flowers,M,1994-05-28
11098,1953-09-11,Arnd,Covnot,F,1990-04-02
11101,1961-10-31,Manibrata,Horswill,M,1992-06-26
11102,1959-03-14,Bernardo,Carrera,M,1991-01-03
11104,1961-05-06,Hein,Swan,M,1993-09-20
11105,1956-12-17,Holgard,McAlpine,M,1990-01-13
11107,1958-06-19,Martijn,Meriste,F,1998-05-02
11108,1962-04-15,Danae,Grabner,F,1992-06-12
11111,1954-07-14,Udi,Zastre,F,1994-12-25
11115,1958-06-27,Sahrah,Demos,M,1998-11-03
11116,1960-06-08,Sverrir,Milicic,M,1992-10-23
11117,1958-06-29,Bluma,Kavvadias,M,1994-08-22
11119,1955-07-09,Ramzi,Luga,F,1994-06-21
11122,1964-08-12,Aleksandar,Randi,F,1993-10-08
11124,1963-07-12,Gladys,Porenta,M,1990-04-16
11126,1965-01-08,Hideo,Daescu,F,1992-02-25
11127,1956-08-26,Mayumi,Pashtan,M,1991-03-12
11129,1964-08-17,Goncalo,Pulkowski,M,1993-10-26
11130,1953-01-17,Xinyu,Menhoudj,M,1993-06-07
11131,1964-02-18,Weiye,Zambonelli,M,1993-07-07
11132,1952-08-01,Kristin,Harnett,M,1994-08-30
11135,1958-09-14,Xinyu,Mellouli,M,1991-10-22
11140,1957-04-30,Elgin,Gihr,M,1993-07-04
11143,1955-03-06,Yongdong,Rosen,M,1996-05-09
11144,1954-12-07,Carrsten,Heinisuo,M,1993-11-18
11145,1954-01-14,Jinxi,Baak,F,1990-02-06
11147,1955-09-26,Ayonca,Nitsch,M,1992-01-28
11153,1957-02-01,Honglan,Simmen,M,1990-02-13
11155,1961-11-08,Moon,Yetto,F,1990-09-08
11156,1954-04-13,Tomoyuki,Armand,M,1995-09-07
11158,1952-02-23,Masaki,Hagimont,M,1996-04-20
11163,1957-11-17,Djenana,Huttel,M,1993-02-24
11165,1957-06-07,Kolar,Pietrzykowski,M,1995-04-30
11166,1958-05-27,Weiyi,Antonisse,M,1990-09-04
11168,1953-05-03,Shmuel,Tetzlaff,F,1996-07-15
11171,1961-12-01,Yuguang,Passino,F,1992-10-04
11174,1952-09-14,Akhilish,Milicia,M,1996-05-24
11175,1963-06-30,Aksel,Rajaraman,M,1991-03-15
11177,1954-04-09,Chrisa,dAstous,M,1998-04-05
11179,1960-06-25,Kerhong,Veccia,F,1992-03-31
11181,1952-05-28,Hausi,Cullers,M,1992-07-11
11183,1960-06-26,Herbert,Serdy,M,1990-12-28
11185,1954-04-10,Aloys,Baezner,M,1995-01-26
11186,1953-07-15,Kshitij,Stasinski,M,1994-12-10
11189,1953-03-07,Dante,Bodoff,F,1991-09-07
11190,1960-09-26,Saeko,Mellouli,M,1992-03-06
11191,1963-10-20,Pradeep,Crooks,M,1990-04-28
11192,1952-09-06,Apostol,Bahr,M,1991-09-30
11195,1953-09-04,Masanao,Lovengreen,M,1991-06-13
11196,1958-05-13,Gennadi,Breugel,M,1992-11-17
11201,1952-05-20,Jouko,Masaki,M,1995-10-31
11205,1962-02-05,Tayeb,Ebeling,M,1993-08-23
11206,1954-07-14,Steen,Sury,M,1993-05-07
11209,1964-06-25,Xuejun,Penn,M,1997-09-06
11213,1955-10-19,Vugranam,Munoz,F,1998-06-17
11214,1961-03-03,Elgin,Ibel,F,1991-11-25
11215,1959-03-30,Rimon,Sury,F,1992-10-17
11216,1963-02-22,Utz,Perng,M,1991-06-11
11218,1953-06-03,Kirk,Hemaspaandra,M,1994-04-06
11219,1956-05-20,Youpyo,Heuter,M,1991-01-08
11225,1963-04-25,Maria,Schicker,M,1990-09-11
11229,1953-10-20,Gretta,Ramamoorthy,M,1991-07-26
11230,1956-12-28,Yakichi,Tzvieli,M,1990-12-06
11233,1952-05-08,Sanjit,Waschkowski,F,1991-06-17
11234,1961-06-17,Tooru,Vingron,M,1990-08-21
11236,1963-01-27,Marek,Orlowska,M,1994-03-24
11241,1956-09-23,Yolla,Clemencon,M,1997-08-12
11243,1955-06-14,Udi,Desikan,F,1994-12-08
11245,1960-03-24,Jaideep,Pews,F,1994-11-25
11246,1964-11-16,Maik,Reinhart,M,1992-01-14
11247,1958-01-12,Ranga,Rebaine,M,1993-02-05
11248,1956-11-08,Uinam,Tsukuda,M,1997-02-03
11250,1957-08-15,Sverrir,Cusworth,M,1992-06-30
11253,1952-09-11,Koldo,Pokrovskii,M,1992-05-22
11254,1954-12-14,Danel,Rindone,F,1998-12-19
11258,1953-10-12,Aris,Maccarone,F,1991-03-28
11260,1963-06-11,Ingemar,Schade,M,1993-09-29
11262,1962-12-24,Bokyung,Melski,M,1994-04-30
11266,1955-08-09,Florina,Rohrbach,M,1995-04-04
11269,1962-04-02,Garnik,Slutz,M,1992-11-22
11277,1961-09-17,Munehiro,Ritcey,M,1990-01-18
11282,1964-01-31,Josyula,Schaad,M,1991-02-11
11285,1962-02-23,Randy,Koshino,M,1997-03-03
11293,1958-10-12,Naftali,Birge,F,1992-08-08
11297,1954-03-19,Geraldo,Levergood,M,1990-12-04
11298,1956-08-08,Jiong,Alvarado,M,1991-12-13
11300,1952-12-14,Lillian,Fontet,M,1992-09-10
11302,1955-06-20,Shem,Senzako,M,1991-07-01
11304,1959-03-01,Rajmohan,Azadmanesh,F,1991-09-10
11306,1956-11-01,Subhankar,Reeken,M,1996-11-20
11309,1963-05-28,Caolyn,Ranai,M,1994-01-24
11310,1961-02-01,Jianhua,Swab,M,1991-11-24
11311,1958-04-28,Hyuckchul,Bahk,F,1994-12-15
11312,1956-11-24,Shih,Terlouw,F,1994-01-23
11314,1958-12-28,Vasiliy,Jenevein,F,1990-04-10
11315,1955-04-21,Neven,Meriste,M,1999-07-17
11316,1963-11-02,Ult,Farrar,F,1997-07-18
11321,1959-06-25,Heping,Fontan,M,1995-03-18
11323,1964-05-24,Hyuckchul,Pfau,M,1995-02-13
11325,1952-02-06,Samphel,Rossi,F,1999-01-10
11326,1952-09-15,Munenori,Plesums,F,1990-02-19
11327,1959-07-20,Irena,Krohm,M,1990-05-02
11330,1961-08-21,Chriss,Adachi,M,1990-06-28
11335,1960-11-20,Bernd,Plump,M,1991-10-08
11336,1963-04-25,Kazuhisa,Gewali,M,1998-06-05
11337,1964-07-31,Hercules,Brendel,F,1994-11-20
11340,1952-12-04,Aris,Bala,M,1991-09-11
11342,1959-12-29,Xudong,Butner,M,1998-02-03
11344,1956-01-31,Paddy,Gulak,M,1990-05-10
11349,1953-09-05,Yurii,Hammerschmidt,M,1992-06-27
11351,1957-01-01,Kristina,Vasanthakumar,F,1998-11-20
11355,1962-09-12,Shim,Gecsei,M,1993-11-29
11357,1958-05-25,Radoslaw,Azevdeo,M,1993-05-15
11358,1960-04-21,Nevin,Petereit,F,1990-06-02
11366,1961-01-15,Yinlin,Rajaraman,M,1993-02-09
11368,1959-07-31,Gino,Bail,M,1992-01-06
11369,1961-10-01,Alair,Camarinopoulos,F,1991-08-05
11372,1953-09-04,Susanta,Vilarrasa,M,1993-05-14
11374,1960-01-25,Remzi,Matzat,F,1993-12-12
11377,1960-01-26,Dayanand,Rosti,F,1991-10-18
11379,1961-10-14,Guiseppe,Chenoweth,M,1994-06-24
11381,1960-09-06,Shir,Vural,M,1991-08-12
11382,1962-04-04,Akemi,Otillio,M,1991-06-04
11383,1964-02-22,Billur,Herbst,M,1992-03-18
11384,1962-12-17,Jaana,Veccia,F,1994-06-03
11387,1954-07-18,Jordanka,Kalloufi,M,1997-05-11
11390,1962-03-22,Masali,Ambroszkiewicz,M,1990-12-19
11391,1963-03-26,Jouko,Antonakopoulos,M,1994-10-14
11392,1956-01-27,Fatemeh,Reeken,M,1997-02-12
11396,1955-02-06,Anneke,Servieres,F,1997-02-04
11397,1963-09-01,Fumiya,Kisuki,F,1992-12-12
11401,1952-12-20,Huan,Merey,F,1995-04-15
11405,1960-09-22,Clyde,Kobuchi,F,1993-04-14
11407,1962-01-11,Thanasis,Thebaut,M,1991-05-06
11408,1961-01-13,Shahab,Serot,F,1995-05-28
11409,1958-05-02,Martial,Siepmann,F,1996-11-23
11410,1953-11-27,Gro,Vendrig,M,1997-07-13
11411,1962-04-06,Shigehito,Giaccio,F,1992-05-17
11417,1954-11-20,Anneli,Cyne,M,1990-05-15
11418,1954-03-21,Satosi,Cooley,F,1991-07-27
11419,1957-07-19,Leaf,Terkki,M,1996-04-13
11420,1955-04-30,Tsutomu,Lalonde,F,1992-01-31
11422,1956-06-03,Thanasis,Ghalwash,F,1990-12-04
11423,1954-09-16,Guangming,Kopetz,M,1993-06-14
11425,1955-11-20,Renee,Crelier,M,1990-08-27
11427,1963-08-15,Haldun,Iisaka,F,1994-02-25
11428,1953-07-08,Remco,Reinhart,M,1994-07-31
11430,1957-01-23,Georgi,Klassen,M,1996-02-27
11434,1956-09-14,Prodip,Brendel,M,1992-10-18
11436,1961-02-25,Christfried,Lindqvist,M,1995-08-29
11437,1956-07-18,Supot,Vidya,M,1991-08-12
11438,1959-04-09,Morris,Heping,M,1994-11-17
11439,1957-09-29,Fei,Wendorf,M,1995-07-27
11444,1963-11-17,Sangeeta,Leuchs,M,1992-01-01
11445,1963-01-02,Lijie,Denny,M,1997-04-25
11448,1960-01-19,Yolla,Biron,M,1995-08-26
11451,1955-05-05,Eben,Rajaraman,M,1990-05-20
11452,1953-01-16,Shigehito,Luby,F,1993-08-26
11453,1962-11-18,Fei,Lakshmanan,M,1990-07-13
11454,1961-08-07,Yolla,Zedlitz,M,1990-01-02
11455,1959-10-13,Jianhui,Wolniewicz,M,1994-08-14
11456,1958-07-21,Anyuan,Seuren,F,1998-12-05
11457,1959-02-06,Marl,Vesna,M,1991-02-10
11460,1955-11-19,Mana,Maraist,M,1992-03-14
11462,1959-01-28,Chikara,Maginnis,M,1990-04-27
11463,1960-08-06,Rajmohan,Kamber,F,1992-05-17
11464,1962-10-22,Boutros,Simkin,M,1992-05-30
11467,1958-11-21,Seshu,Bazelow,F,1993-06-16
11468,1955-12-02,Navin,Maksimenko,F,1996-03-19
11470,1962-10-11,Khalid,Michaels,M,1991-11-26
11472,1961-04-18,Constantino,Ghandeharizadeh,M,1990-04-30
11474,1953-04-17,Gennady,Akazan,M,1990-07-26
11475,1957-04-25,Dekang,Siegrist,F,1997-08-04
11476,1954-06-20,Manton,Yoshizawa,F,1994-01-15
11478,1962-03-18,Nidapan,Ginneken,M,1993-08-29
11479,1953-12-02,Shridhar,Pleszkun,M,1998-08-23
11480,1960-09-13,Masoud,Itschner,F,1990-03-13
11482,1964-10-16,Uri,Deverell,F,1991-04-03
11483,1959-01-30,Zine,Mateescu,M,1993-12-02
11484,1959-04-08,Holgard,Siepmann,M,1995-01-22
11485,1959-06-27,Nahid,Khalil,M,1991-10-04
11487,1963-07-11,Arumugam,Cairo,M,1993-07-09
11490,1957-09-10,Bedir,Osgood,M,1990-04-28
11492,1962-07-02,Menkae,Mikschl,F,1994-03-15
11493,1957-02-13,Shen,Sevcikova,M,1995-07-22
11494,1959-07-27,Neelam,Kabayashi,F,1991-02-14
11497,1957-01-20,Bodh,Brodie,F,1992-04-30
11498,1957-07-21,Shigenori,Rabehasaina,M,1994-01-19
11500,1960-11-06,Ranan,Weedon,M,1991-05-07
11502,1959-03-24,Zhaofang,Cochrane,M,1991-06-04
11503,1953-08-01,Nathan,Picht,F,1993-01-25
11504,1962-06-16,Saeed,Ananiadou,F,1990-09-30
11507,1956-01-27,Kristian,Cangellaris,M,1994-05-19
11510,1957-11-12,Masamitsu,Wursthorn,M,1996-07-28
11511,1964-06-02,Arlette,Mikschl,M,1991-09-06
11516,1958-01-06,Hironoby,Sethi,M,1992-07-26
11520,1958-01-01,Pranas,Jervis,F,1991-11-20
11521,1952-06-14,Eldridge,Eastman,F,1995-10-17
11522,1957-05-24,Yishay,Peris,M,1991-10-26
11523,1953-01-25,Yuguang,Pezzoli,F,1992-12-23
11526,1954-04-19,Tonny,Impagliazzo,M,1992-02-23
11531,1952-09-08,Radhika,Motley,M,1990-02-27
11532,1958-03-01,Shahab,Cromarty,M,1991-12-01
11533,1953-10-30,Vitaly,Lorch,M,1991-08-20
11536,1959-10-07,Mahmut,Pintelas,F,1991-09-06
11539,1957-12-17,Yechiam,Zaumen,M,1993-05-15
11540,1954-01-26,Chanjung,Portugali,M,1993-02-09
11541,1957-05-25,Chinhyun,Coombs,F,1990-04-05
11544,1964-09-05,Elzbieta,Thimonier,F,1993-03-02
11547,1960-03-30,Kyoichi,Flexer,F,1991-01-18
11550,1962-08-27,Divine,Georgakopoulos,M,1997-12-16
11553,1960-01-14,Toshimitsu,Aloia,M,1991-01-21
11557,1959-12-22,Candido,Pesch,F,1998-08-18
11558,1959-06-20,Sungwon,Hofting,M,1996-09-18
11559,1961-06-08,Jaihie,Nollmann,F,1990-12-17
11573,1952-12-18,Pranas,Hutton,F,1990-02-04
11575,1955-02-22,Godehard,Plotkin,F,1991-12-19
11577,1953-01-11,Mayumi,Deyuan,M,1992-09-23
11581,1953-04-12,Patricio,Rosenbaum,F,1992-11-13
11582,1961-08-21,Willard,Baar,M,1990-04-08
11585,1959-05-28,Chaitali,Vandervoorde,M,1994-10-13
11586,1963-08-02,Shridhar,Orsini,M,1997-09-09
11589,1955-01-10,Gina,Plessier,F,1994-02-23
11590,1961-10-12,Adel,Eppinger,M,1997-06-26
11592,1956-09-21,Hilary,Nishimukai,M,1991-12-14
11594,1962-01-30,Pradeep,Butner,M,1991-05-28
11595,1953-02-26,Takanari,Kamber,M,1992-01-23
11596,1952-12-22,Yannik,Gunderson,F,1993-11-21
11597,1955-04-10,Yongdong,Talmon,M,1990-02-01
11598,1964-06-07,Sariel,Ertl,M,1994-04-02
11601,1958-11-17,Erez,Ritzmann,M,1990-04-07
11602,1953-08-09,Somnath,Malabarba,M,1993-06-21
11604,1962-07-11,Deborah,Baar,M,1990-12-11
11606,1952-11-05,Perry,Pepe,M,1994-01-07
11609,1964-08-27,Sigeru,Marrakchi,M,1991-08-03
11612,1962-01-15,Siamak,Baar,F,1990-12-10
11616,1954-07-12,Zhilian,Brendel,F,1991-01-15
11618,1964-02-08,Gian,Juneja,F,1991-01-14
11619,1958-08-14,Taiji,Ozeki,F,1992-09-01
11622,1962-10-14,Moon,Ginneken,M,1990-11-09
11623,1964-03-18,Becky,Jullig,M,1990-03-05
11627,1964-09-24,Zeljko,Schreiter,M,1991-11-01
11630,1960-03-21,Heekeun,Ballarin,M,1996-12-15
11631,1960-11-18,Kristin,Malinowski,M,1992-04-14
11632,1956-01-15,Baoqiu,Bach,M,1990-12-29
11633,1959-06-09,Kazuyasu,Teitelbaum,F,1991-08-27
11634,1961-02-19,Turgut,Fraisse,M,1994-08-25
11636,1955-06-16,Fumitaka,Shiratori,M,1992-11-16
11641,1955-10-13,Chikako,Rothenberg,M,1990-07-01
11642,1956-06-23,Dmitri,Verhoeff,M,1991-12-01
11643,1957-12-09,Gila,Redmiles,M,1993-12-17
11644,1952-04-08,Sanjit,Zaiane,F,1991-01-28
11646,1953-06-22,Lobel,Rubsam,M,1992-06-11
11648,1959-09-26,Gill,Ponthieu,M,1992-02-15
11649,1954-10-07,Shen,Bernardinello,F,1991-02-05
11650,1959-11-16,Arra,Luiz,M,1994-01-13
11653,1963-05-06,Mohammed,Ananiadou,F,1993-02-26
11656,1963-01-08,Aimee,Muniz,F,1992-03-10
11658,1961-04-13,Hongzue,Streng,M,1992-01-03
11661,1963-02-05,Candida,Moffat,M,1995-08-24
11664,1955-08-27,Oksana,Brizzi,F,1990-09-07
11667,1955-05-15,Kristian,Marchegay,F,1990-09-08
11677,1958-02-19,Shooichi,Luit,F,1991-09-12
11679,1960-12-23,Bedrich,Denna,M,1991-01-02
11680,1958-04-23,Aral,Iwayama,M,1990-05-13
11683,1956-05-14,Mayumi,Chartres,F,1990-02-11
11685,1958-02-27,Ulf,Erde,M,1992-09-10
11688,1958-09-04,Denis,Coullard,F,1994-10-29
11690,1953-11-10,Domenick,Raczkowsky,M,1997-09-23
11697,1957-12-20,JoAnne,Merey,F,1999-11-06
11698,1959-04-10,Arun,Azevdeo,M,1991-06-28
11699,1958-12-17,Fumiya,Desikan,M,1994-01-20
11704,1964-11-09,Naftali,Baalen,M,1992-02-27
11706,1961-06-17,Tesuya,Remmers,M,1996-02-02
11708,1953-12-22,Chenye,Angot,F,1992-09-18
11712,1961-07-17,Mohua,Lyonns,M,1992-11-06
11713,1952-02-27,Danel,Heusch,M,1994-10-04
11717,1956-06-11,Mona,Chaudhury,F,1990-09-10
11718,1956-07-31,Richard,Marshall,F,1996-08-11
11720,1957-08-10,Abdulla,Heusch,F,1990-08-24
11721,1961-02-22,Xuejun,Heydon,F,1990-11-30
11722,1957-08-08,Atreyi,Sudbeck,F,1997-12-18
11723,1962-12-22,Halsur,Bauknecht,F,1992-09-26
11726,1960-04-18,Eldridge,Reghbati,M,1990-05-29
11727,1961-12-12,Baziley,Felcyn,M,1992-03-07
11729,1957-04-12,Xiong,Engberts,M,1993-05-20
11730,1959-08-20,Tzu,Delaune,M,1997-10-10
11731,1961-04-07,Fumitaka,Gargeya,M,1993-12-23
11733,1954-05-25,Leszek,Sudbeck,F,1992-01-12
11734,1963-07-28,Ramya,Baezner,F,1990-04-30
11736,1953-08-21,Shugo,Uchoa,M,1990-03-25
11737,1952-07-17,Martina,Garnier,M,1995-07-11
11742,1957-03-15,Vasilis,Narwekar,F,1996-04-12
11743,1956-04-05,Clyde,Huttel,F,1996-04-17
11748,1953-03-07,Lihong,Massonet,M,1992-12-20
11750,1956-08-16,Mong,Dalphin,F,1993-08-07
11752,1964-11-11,Bingning,Etalle,M,1992-11-10
11754,1958-05-18,Malu,Magliocco,F,1999-08-23
11755,1954-08-16,Zhenbing,Karner,F,1990-12-05
11756,1955-02-24,Abdelwaheb,Vakili,M,1996-10-17
11758,1958-01-27,Jinpo,Gerlach,M,1993-10-03
11761,1964-07-17,Bartek,Aamodt,M,1991-06-12
11762,1958-05-17,Kerhong,Greibach,M,1992-05-10
11763,1953-08-19,Yuriy,Liesche,F,1996-11-08
11765,1955-08-17,Zorica,Junet,F,1991-07-04
11770,1955-08-26,Arumugam,Jakobus,F,1992-11-29
11774,1954-07-11,Aron,Wroclawski,M,1997-12-30
11777,1962-12-17,Mayumi,Cooley,M,1990-12-12
11778,1953-04-23,Dhritiman,Fontan,F,1992-12-28
11779,1952-06-07,Shunichi,Thombley,M,1990-05-06
11782,1962-04-02,Tesuro,Lanzelotte,M,1991-02-01
11783,1959-06-19,Mihalis,Macedo,F,1994-07-14
11784,1958-01-15,Sastry,Bael,M,1995-12-07
11786,1963-11-12,Sarita,Birch,M,1995-04-14
11791,1955-11-07,Gal,Mamelak,F,1994-11-15
11793,1960-08-13,Barun,Harllee,M,1996-06-06
11795,1960-12-15,Herbert,Erman,F,1992-03-24
11800,1958-12-09,Aamer,Fraisse,M,1990-08-08
11801,1953-11-22,Tommaso,Dayang,M,1990-09-05
11803,1957-12-10,Arnd,Perko,F,1993-03-25
11806,1962-01-26,Shan,Leivant,M,1996-04-02
11807,1955-12-25,Chriss,Binding,F,1992-07-11
11811,1953-07-05,Herb,Boissier,M,1992-03-28
11814,1954-09-16,Manohar,Shinomoto,F,1993-06-08
11816,1964-04-26,Masako,Besselaar,M,1991-08-05
11820,1961-11-26,Danil,Badache,M,1993-06-20
11821,1954-10-18,Mary,Piazza,F,1995-12-13
11823,1954-09-25,Weiyi,Iacovou,M,1995-10-23
11824,1960-01-05,Zhensheng,Karcich,M,1993-10-09
11827,1956-02-07,Gretta,Rando,M,1991-09-09
11829,1952-08-01,Chaosheng,Pettis,F,1999-02-17
11831,1963-10-23,Udaiprakash,Billingsley,M,1993-07-18
11834,1962-05-20,Mana,Wegerle,F,1990-04-04
11835,1961-09-13,Arnould,Hofman,F,1990-02-24
11837,1957-03-26,Shigeaki,Sury,F,1990-06-15
11841,1955-04-21,Elvia,Bugrara,M,1992-09-07
11842,1954-03-31,Moto,Piazza,M,1991-12-11
11845,1957-08-28,Lein,Validov,F,1991-07-23
11846,1954-04-24,Fai,Perly,F,1993-11-21
11847,1954-03-05,Tzvetan,Brandsma,F,1996-01-13
11848,1958-09-19,Amabile,Haumacher,M,1993-11-24
11849,1958-05-06,Chenye,Homond,M,1991-08-27
11850,1964-10-23,Bikash,Maginnis,M,1991-02-10
11851,1961-12-28,Suvo,Copas,M,1991-05-04
11854,1959-02-11,Fabrizio,Gire,F,1992-06-30
11855,1960-07-15,Hilari,Janetzko,F,1991-12-24
11860,1964-07-29,Chriss,DeMori,F,1992-10-04
11861,1962-03-12,Vincent,Claffy,F,1990-05-28
11862,1954-01-25,Alejandra,Deville,M,1993-01-20
11865,1957-01-08,Kasturi,Rodham,M,1994-05-24
11869,1955-09-14,Fumino,Luca,F,1996-08-12
11873,1960-08-09,Venkatesan,Reeken,F,1998-11-14
11874,1956-10-30,Baoqiu,Motley,M,1995-07-27
11875,1959-02-13,Luisa,Sambasivam,F,1992-07-25
11876,1954-09-17,Leszek,Kobuchi,M,1991-06-08
11877,1953-06-15,Heng,Sudkamp,F,1994-01-27
11878,1960-10-06,Oldrich,Henders,F,1990-03-20
11880,1960-08-22,Akeel,Esposito,F,1993-01-31
11881,1952-08-06,Arra,Staelin,M,1990-04-08
11882,1960-09-09,Zhonghua,Manders,F,1991-09-18
11884,1963-04-10,Patricia,Moehrke,M,1998-06-18
11885,1962-05-20,Sandeepan,Velasco,M,1990-03-10
11886,1957-12-26,Snehasis,Veevers,M,1994-10-02
11887,1957-05-25,Marke,Kragelund,M,1994-10-17
11888,1952-04-05,Badri,Azulay,M,1994-11-28
11889,1956-06-11,Guiseppe,Baez,M,1996-12-25
11890,1959-10-23,Remmert,Kirkerud,M,1990-02-09
11891,1960-06-16,Hyuncheol,Bail,M,1991-03-20
11892,1960-09-01,Tesuro,Lorys,M,1993-08-09
11893,1959-07-06,Vitali,Zobel,M,1995-11-11
11895,1964-05-09,Flemming,Schreiter,M,1990-01-29
11896,1953-06-14,Shaunak,Benzmuller,M,1990-07-04
11899,1961-10-07,Bodh,Munke,M,1995-12-30
11900,1961-04-06,Tse,Ermel,M,1990-05-26
11903,1961-01-02,Aiichiro,Vilarrasa,M,1990-12-09
11904,1962-07-05,DeForest,Flasterstein,M,1993-06-06
11907,1958-08-02,Takahito,Cromarty,M,1992-02-27
11910,1961-09-23,Tamiya,Luders,F,1992-09-12
11911,1952-07-08,Ashish,Mondadori,M,1990-06-05
11917,1955-03-26,Jiakeng,VanScheik,F,1995-09-10
11919,1959-01-20,Hyuncheol,Hedayat,F,1990-10-28
11923,1957-07-17,Breannda,Gustavson,F,1994-07-04
11924,1963-03-19,Hirochika,Worfolk,M,1991-06-17
11925,1956-04-15,Feiyu,Pashtan,M,1996-06-02
11926,1955-04-06,Leni,Felcyn,F,1998-09-18
11928,1959-09-01,Mang,Wroclawski,M,1992-06-24
11930,1962-01-03,Shai,Radivojevic,F,1991-01-14
11934,1958-11-06,Diederik,Deville,M,1993-11-03
11935,1963-03-23,Aamer,Jayawardene,M,1996-10-26
11936,1956-11-18,Oddvar,Jonsson,F,1993-05-26
11937,1961-12-30,Zissis,Baba,M,1996-04-19
11938,1954-01-14,Aruna,Verspoor,M,1994-07-15
11939,1954-10-25,Chinhyun,Basart,F,1992-08-14
11940,1954-06-24,Ult,Anido,F,1996-11-02
11943,1957-06-17,Ramalingam,Chachaty,F,1992-01-26
11944,1952-05-15,Along,Aumann,M,1991-06-14
11945,1952-02-17,Limsoon,Marakhovsky,F,1991-07-22
11946,1959-01-21,Charlene,Maraist,F,1992-05-29
11947,1957-10-27,Kiyomitsu,Lortz,M,1995-10-24
11948,1952-02-21,Yahiko,Nergos,F,1990-01-12
11952,1956-04-11,Mayuko,Munro,F,1995-12-19
11956,1958-03-31,Mokhtar,Maccarone,M,1991-08-15
11957,1958-06-13,Frederique,Radivojevic,F,1992-04-02
11959,1962-02-14,Duro,Pettis,M,1991-04-03
11961,1957-10-01,Sumant,Birdsall,F,1997-06-26
11964,1962-01-07,Tzu,Norsworthy,F,1994-09-25
11965,1954-12-03,Arup,Morrey,M,1990-03-20
11968,1964-08-13,Mitchel,Dayang,M,1993-02-15
11969,1957-08-27,Sibyl,Lorcy,M,1994-09-27
11972,1954-10-01,Sibyl,Beausoleil,F,1990-10-07
11975,1956-03-04,Ger,Moehrke,M,1991-03-24
11979,1962-10-09,Abdulah,Akazan,F,1994-09-08
11980,1955-07-03,Yechezkel,Pews,M,1992-01-20
11981,1964-04-11,LiMin,Horswill,M,1990-09-14
11984,1962-06-04,Vasilii,Luit,F,1990-02-15
11986,1963-01-12,Reinhard,Azuma,M,1991-08-06
11994,1953-02-11,Sigeru,Fiebach,F,1993-11-11
11996,1957-01-25,Ayakannu,Junot,M,1994-01-21
11997,1954-06-19,Heon,Mawatari,F,1995-11-03
11998,1958-04-09,Conal,Juneja,M,1991-12-16
12002,1959-09-17,Seongbae,Kavraki,M,1994-10-14
12003,1961-04-15,Luise,McFarlan,M,1992-11-20
12005,1958-07-27,Shir,DuCasse,M,1993-03-30
12008,1953-09-13,Frederique,Zykh,F,1991-08-07
12009,1963-09-26,Sariel,Stifter,M,1994-11-28
12012,1961-07-06,Syozo,Zolotykh,F,1993-01-14
12013,1960-09-09,Baziley,Vidya,F,1990-08-06
12015,1954-08-26,Kensei,Guenter,M,1999-01-04
12016,1960-03-16,Charlene,Schaaf,F,1991-07-28
12017,1962-11-24,Tsutomu,Rijsenbrij,F,1992-06-21
12018,1956-12-23,Fai,Morton,F,1990-07-23
12021,1955-03-11,Chikara,Rahimi,M,1991-09-30
12022,1956-04-15,Herbert,Kaltofen,M,1992-04-18
12023,1954-07-05,Chuanyi,Eppinger,M,1994-12-08
12024,1952-11-09,Mayumi,Lanzelotte,M,1997-11-03
12028,1952-11-21,Ingemar,Walstra,M,1992-09-02
12030,1953-06-02,Shuky,Cromarty,M,1996-06-24
12034,1954-04-15,Aemilian,Piazza,M,1993-10-31
12035,1956-08-19,Moss,Speer,M,1992-12-09
12040,1955-03-24,Bluma,Kermarrec,F,1993-12-29
12041,1959-01-12,Val,Marsiglia,M,1990-08-09
12042,1959-08-02,Torsten,Swan,F,1995-05-19
12043,1952-12-11,Masaki,Lubachevsky,M,1991-04-03
12044,1955-08-16,Rance,Hemaspaandra,F,1990-04-19
12045,1962-02-03,Mototsugu,Boguraev,F,1990-08-19
12046,1961-05-16,Xiong,Ranum,F,1996-01-13
12047,1954-01-16,Jordanka,Ligten,M,1992-01-19
12054,1954-04-08,Odysseas,Braccini,M,1994-01-03
12055,1952-03-16,Rutger,Kilgore,F,1990-06-22
12059,1959-06-29,Christfried,Kalefeld,F,1991-05-23
12060,1955-03-25,Toshimi,Antonakopoulos,M,1996-06-21
12063,1955-07-06,Lein,Bale,F,1994-07-24
12068,1963-11-19,Valery,Frezza,M,1990-05-12
12071,1959-08-17,Udi,Barinka,F,1990-09-17
12073,1956-04-15,Miyeon,Rubsam,M,1990-11-10
12074,1957-01-14,Mahmut,Bugaenko,M,1994-09-07
12077,1954-11-17,Steve,Hutton,F,1994-01-30
12078,1959-05-16,Gen,Bridgland,F,1993-11-14
12080,1953-10-16,Panayotis,Feinberg,M,1993-05-17
12081,1956-06-05,Wanqing,Prenel,M,1992-04-03
12084,1962-02-13,Morris,Krohm,F,1996-05-30
12090,1955-03-27,Shigenori,Angelopoulos,F,1998-07-24
12093,1952-07-02,Evgueni,Oxenboll,F,1994-01-19
12095,1953-05-24,Fai,Smeets,F,1990-04-04
12096,1964-04-12,Weiwu,Schlenzig,M,1994-08-17
12098,1957-08-12,Pranay,Eugenio,M,1991-01-21
12102,1952-10-14,Aron,Erde,M,1990-06-10
12104,1955-03-26,Dulce,Kohling,F,1996-10-20
12105,1961-01-14,Christfried,Lorcy,F,1990-02-02
12106,1956-10-01,Zissis,Cangellaris,M,1995-10-24
12108,1963-06-14,Akeel,Frezza,M,1992-12-13
12110,1963-09-18,Raimond,Tempesti,F,1995-06-26
12111,1962-04-11,Shakhar,Oberman,M,1993-06-13
12114,1954-11-05,Shiv,Rubsam,M,1991-08-15
12116,1961-08-18,Atreye,Levergood,M,1993-06-22
12117,1956-07-22,Zvonko,Rosaz,F,1999-02-01
12119,1958-07-26,Sachin,Peot,M,1992-02-06
12126,1963-10-14,Vugranam,Parveen,M,1992-12-01
12129,1959-06-21,Hairong,Isaac,M,1992-12-07
12132,1960-01-02,Nigel,Talmon,F,1993-12-18
12133,1960-12-15,Waiman,Sewelson,F,1991-07-20
12135,1961-06-26,Aiman,Rikino,F,1993-03-21
12137,1959-10-06,Palash,Hopewell,F,1992-09-05
12138,1953-09-02,Takahito,Brender,F,1992-10-31
12140,1952-07-30,Xudong,Paciorek,M,1996-11-15
12141,1956-02-11,Shmuel,Gente,F,1992-01-15
12142,1957-08-19,Ronghao,Busillo,M,1991-04-23
12143,1956-04-25,Zeljko,Denti,F,1996-01-06
12144,1962-01-29,Babette,Beausoleil,M,1990-10-21
12148,1952-08-08,Hidde,Garigliano,F,1996-03-22
12150,1963-09-06,Dekang,Boissier,M,1991-06-25
12151,1963-05-30,Takahiro,Sigstam,M,1990-04-16
12152,1964-01-18,Amalendu,Nyrup,M,1992-06-13
